{"learning_rate": 0.008957827193783819, "max_depth": 7, "subsample": 0.5309661926071266, "colsample_bytree": 0.8548686375385406, "min_child_weight": 14, "gamma": 4.997392487608526, "lambda": 6.9850562385010155, "alpha": 0.6101433943490518}